start_date;end_date;total_cost;client_id;provider_id
2022-03-16;2024-03-25;136665;1;19
2022-06-28;2024-08-16;130229;2;17
2022-06-24;2024-07-14;915633;3;20
2022-04-21;2024-05-13;505675;4;26
2022-11-11;2024-07-10;554144;5;34
2022-07-26;2023-10-31;562966;6;18
2022-06-23;2023-12-21;554149;7;42
2022-01-17;2023-11-17;259430;8;35
2022-04-21;2024-04-27;529774;9;31
2022-06-07;2024-02-22;249851;10;46
2022-06-09;2024-01-26;956384;11;30
2022-03-09;2024-02-21;793054;12;46
2022-08-28;2024-05-19;219624;13;12
2022-07-28;2023-11-04;289386;14;19
2022-06-14;2024-06-17;907728;15;18
2022-01-18;2024-01-10;192856;16;9
2022-07-27;2023-11-09;482966;17;29
2022-06-28;2023-12-22;468326;18;33
2022-12-07;2024-06-29;618293;19;43
2022-03-13;2024-12-19;365257;20;36
2022-08-14;2024-11-08;540118;21;29
2022-12-01;2024-12-01;239195;22;4
2022-04-25;2024-08-27;322130;23;27
2022-12-14;2024-09-20;32180;24;7
2022-04-11;2024-08-29;803931;25;13
2022-12-06;2023-10-21;181238;26;4
2022-09-09;2024-01-26;300694;27;13
2022-09-09;2024-10-14;55051;28;41
2022-04-29;2024-04-25;459151;29;34
2022-04-08;2024-09-10;78004;30;34
2022-07-05;2024-10-03;606878;31;49
2022-04-02;2024-06-03;832158;32;16
2022-01-20;2023-10-23;705222;33;36
2022-01-17;2024-07-01;458042;34;3
2022-02-14;2024-10-12;100110;35;17
2022-08-10;2024-01-23;222513;36;4
2022-02-20;2024-09-22;645227;37;1
2022-12-19;2024-11-15;290738;38;3
2022-09-03;2024-08-22;616037;39;19
2022-08-15;2024-01-28;694877;40;35
2022-08-06;2024-12-29;231520;41;13
2022-07-29;2024-07-16;853328;42;1
2022-09-15;2024-12-03;895614;43;25
2022-02-25;2024-11-19;114911;44;3
2022-01-06;2023-12-12;180457;45;20
2022-04-30;2024-04-14;265640;46;12
2022-09-18;2024-05-18;127604;47;45
2022-04-16;2024-01-25;513438;48;24
2022-11-27;2023-12-07;845791;49;3
2022-02-10;2024-01-27;497758;50;46
2022-12-13;2024-10-06;467811;51;21
2022-01-07;2024-01-02;714406;52;4
2022-12-14;2024-02-04;264921;53;28
2022-09-15;2023-12-06;216474;54;34
2022-01-10;2024-07-06;361423;55;12
2022-05-16;2023-10-24;329816;56;44
2022-04-14;2024-03-02;748932;57;40
2022-04-03;2024-01-10;109242;58;34
2022-02-20;2024-04-24;306756;59;47
2022-12-22;2024-03-14;233362;60;38
2022-06-18;2023-12-06;396827;61;17
2022-08-07;2024-08-11;82353;62;44
2022-06-26;2024-01-17;280295;63;33
2022-09-28;2023-11-08;920121;64;16
2022-12-21;2024-11-20;44741;65;43
2022-08-10;2024-09-13;325226;66;26
2022-05-02;2024-12-21;197395;67;41
2022-05-25;2024-05-09;522749;68;19
2022-11-29;2024-01-15;64504;69;25
2022-12-13;2024-02-07;189156;70;13
2022-11-14;2024-02-16;24417;71;44
2022-09-14;2024-08-04;96586;72;9
2022-05-31;2024-02-13;48079;73;40
2022-03-09;2024-02-16;652169;74;9
2022-01-17;2024-08-09;610879;75;50
2022-08-26;2023-11-18;176505;76;25
2022-08-10;2024-07-10;459473;77;31
2022-12-25;2024-04-05;687183;78;11
2022-04-07;2024-03-18;352670;79;10
2022-09-29;2024-11-23;152925;80;39
2022-10-24;2024-11-28;122774;81;19
2022-11-25;2024-12-19;930447;82;30
2022-10-20;2024-03-21;612051;83;38
2022-11-02;2024-02-16;821773;84;21
2022-02-28;2024-03-28;224037;85;21
2022-09-09;2024-11-11;890645;86;19
2022-02-13;2024-01-06;489441;87;49
2022-03-29;2024-05-16;842448;88;11
2022-07-16;2024-12-20;631738;89;14
2022-05-26;2024-02-26;724180;90;38
2022-11-12;2024-06-15;528207;91;16
2022-04-09;2024-12-19;266754;92;32
2022-10-04;2024-03-21;380897;93;6
2022-05-21;2024-04-25;732835;94;28
2022-09-09;2024-10-10;701422;95;39
2022-03-22;2024-12-08;466349;96;50
2022-12-25;2024-07-23;272460;97;37
2022-04-19;2024-09-24;74519;98;39
2022-08-01;2023-11-08;388918;99;8
2022-02-09;2024-12-15;776742;100;30
2022-07-12;2024-04-17;582025;101;22
2022-10-25;2024-11-27;766425;102;14
2022-11-05;2024-02-19;710025;103;17
2022-03-16;2024-01-13;110326;104;42
2022-11-05;2024-10-26;109913;105;18
2022-02-05;2024-05-12;297636;106;41
2022-11-22;2024-04-24;351824;107;37
2022-01-10;2023-11-24;214717;108;17
2022-12-25;2024-05-08;111494;109;19
2022-04-06;2024-04-05;821059;110;46
2022-11-15;2024-02-22;434220;111;12
2022-02-04;2023-10-25;426585;112;14
2022-11-21;2024-05-07;125540;113;6
2022-04-11;2024-04-18;856426;114;21
2022-10-27;2024-09-11;836237;115;11
2022-10-25;2024-11-24;131890;116;36
2022-10-24;2023-12-03;768696;117;18
2022-09-17;2024-01-07;228365;118;37
2022-01-14;2024-07-16;34453;119;21
2022-05-24;2024-12-20;162104;120;48
2022-01-30;2024-12-18;602600;121;37
2022-08-19;2024-05-02;203098;122;50
2022-02-14;2024-10-11;73678;123;19
2022-03-23;2024-10-21;941896;124;37
2022-06-11;2024-03-12;844806;125;31
2022-06-27;2023-10-12;845981;126;38
2022-06-11;2024-11-06;515830;127;31
2022-05-16;2024-06-06;425863;128;10
2022-06-04;2024-09-16;973409;129;32
2022-07-17;2024-01-19;197376;130;44
2022-06-04;2024-08-17;335495;131;6
2022-12-19;2024-05-03;58680;132;34
2022-04-18;2024-03-07;805232;133;17
2022-02-28;2023-10-16;990653;134;12
2022-08-12;2024-08-15;305595;135;43
2022-06-05;2024-07-04;959621;136;34
2022-06-30;2023-11-13;841047;137;18
2022-04-05;2024-09-12;702963;138;10
2022-07-09;2024-07-10;396432;139;5
2022-02-28;2024-11-09;556197;140;2
2022-02-13;2024-11-08;760329;141;34
2022-11-03;2024-06-01;221603;142;42
2022-10-17;2024-02-29;293601;143;12
2022-11-07;2024-05-14;594648;144;50
2022-04-01;2024-09-02;678490;145;48
2022-08-15;2024-07-08;863828;146;21
2022-05-10;2023-10-15;715271;147;3
2022-06-22;2023-11-19;735740;148;34
2022-01-04;2024-04-03;865536;149;50
2022-08-19;2024-07-15;392274;150;48
2022-03-07;2024-03-16;146048;151;40
2022-09-25;2024-11-17;747324;152;45
2022-09-12;2023-11-02;91445;153;48
2022-08-25;2024-08-10;859676;154;3
2022-05-15;2024-10-27;229876;155;18
2022-07-25;2024-08-26;319724;156;43
2022-04-22;2024-10-15;314199;157;2
2022-05-31;2024-06-20;723111;158;48
2022-02-18;2024-01-09;536076;159;16
2022-10-07;2024-07-30;310265;160;27
2022-01-10;2024-05-21;114823;161;20
2022-12-15;2024-01-26;36424;162;36
2022-08-29;2024-08-07;191524;163;9
2022-02-19;2023-12-29;376509;164;32
2022-10-26;2023-12-27;51589;165;27
2022-05-14;2024-01-23;689636;166;32
2022-05-28;2024-04-17;621348;167;48
2022-08-16;2024-06-27;123904;168;3
2022-02-19;2024-12-30;985853;169;37
2022-05-14;2023-12-11;231955;170;34
2022-10-17;2024-04-21;877370;171;45
2022-09-27;2024-11-10;834772;172;14
2022-05-09;2024-01-05;913461;173;44
2022-05-12;2024-04-04;688455;174;45
2022-09-23;2024-08-16;450575;175;36
2022-03-20;2024-05-02;568092;176;17
2022-11-16;2024-01-08;325740;177;21
2022-05-08;2024-07-08;947163;178;16
2022-06-06;2023-10-18;745048;179;10
2022-03-20;2024-03-11;93094;180;39
2022-12-07;2024-07-17;268562;181;45
2022-06-02;2024-12-10;757394;182;1
2022-03-07;2024-09-23;449791;183;22
2022-10-25;2024-06-02;744799;184;37
2022-04-22;2024-11-30;791758;185;22
2022-10-14;2024-05-08;627341;186;35
2022-05-06;2024-04-28;508669;187;18
2022-01-12;2024-11-27;852084;188;37
2022-06-25;2024-10-31;124554;189;50
2022-05-28;2024-06-09;763942;190;31
2022-02-12;2024-10-29;627266;191;3
2022-09-07;2023-12-27;865414;192;2
2022-01-26;2024-11-30;252326;193;17
2022-10-24;2024-06-24;489077;194;45
2022-01-24;2024-02-19;656145;195;26
2022-03-29;2024-07-05;716230;196;26
2022-11-24;2023-10-20;807422;197;30
2022-07-23;2023-10-25;242482;198;29
2022-04-24;2024-04-12;655700;199;35
2022-10-16;2023-11-06;336492;200;10
2022-04-23;2023-10-23;814197;201;2
2022-12-01;2024-11-11;441201;202;35
2022-02-21;2023-10-25;850204;203;28
2022-11-12;2024-12-25;320825;204;43
2022-04-09;2024-12-08;45481;205;5
2022-01-14;2023-11-22;375351;206;17
2022-06-30;2024-07-26;653079;207;2
2022-03-03;2024-05-14;274193;208;37
2022-06-01;2024-09-12;460673;209;19
2022-09-29;2024-10-01;152152;210;33
2022-03-13;2024-03-16;560589;211;16
2022-06-05;2024-01-29;525522;212;8
2022-01-21;2024-07-06;142926;213;34
2022-09-16;2024-11-25;947854;214;9
2022-02-27;2024-09-13;41163;215;24
2022-12-18;2024-04-18;226907;216;19
2022-10-28;2023-10-30;893586;217;31
2022-05-21;2024-11-09;491010;218;6
2022-03-02;2023-12-22;286549;219;16
2022-05-27;2024-02-08;529363;220;40
2022-09-04;2024-03-01;425258;221;17
2022-10-23;2024-05-27;236946;222;13
2022-07-31;2024-11-26;356586;223;37
2022-07-08;2024-09-11;673964;224;14
2022-01-17;2024-04-10;501187;225;20
2022-06-09;2024-03-11;994272;226;4
2022-11-18;2023-12-24;641562;227;13
2022-05-11;2023-11-24;716694;228;37
2022-05-23;2024-06-01;244662;229;9
2022-07-13;2024-05-19;602187;230;5
2022-05-14;2024-10-27;471830;231;20
2022-08-16;2024-03-25;876197;232;13
2022-06-26;2024-06-24;754193;233;11
2022-10-10;2024-03-07;645237;234;44
2022-02-06;2024-04-19;378187;235;48
2022-11-08;2023-12-29;816763;236;18
2022-09-11;2024-12-15;414834;237;26
2022-03-30;2024-02-04;348495;238;26
2022-06-24;2024-12-03;850460;239;48
2022-07-20;2023-11-02;558018;240;39
2022-09-03;2024-12-15;584436;241;41
2022-03-28;2023-12-18;630510;242;38
2022-05-07;2024-07-30;151851;243;35
2022-01-06;2024-06-03;692909;244;27
2022-08-09;2024-01-29;280449;245;48
2022-12-10;2024-11-22;576009;246;29
2022-08-30;2024-08-19;21870;247;25
2022-03-06;2024-04-20;806515;248;42
2022-09-26;2024-10-10;217573;249;41
2022-07-21;2024-08-21;33069;250;50
2022-09-24;2024-01-28;945472;251;32
2022-02-13;2024-03-06;707585;252;12
2022-12-09;2024-05-04;57926;253;36
2022-11-20;2024-02-20;818865;254;49
2022-07-16;2024-10-24;361370;255;41
2022-03-21;2024-04-18;528131;256;44
2022-11-20;2023-11-19;234762;257;8
2022-08-24;2024-03-30;114648;258;2
2022-12-16;2024-09-12;609810;259;22
2022-09-11;2024-02-19;292119;260;1
2022-06-06;2024-05-03;933523;261;45
2022-08-27;2024-06-15;134353;262;45
2022-10-14;2024-11-18;243110;263;49
2022-11-24;2024-12-26;779665;264;4
2022-12-26;2024-09-11;532781;265;20
2022-06-26;2024-03-13;964516;266;16
2022-04-11;2024-10-14;456797;267;29
2022-01-10;2024-02-20;122898;268;1
2022-05-13;2024-03-07;567968;269;40
2022-09-22;2023-10-18;88072;270;44
2022-08-12;2024-08-26;215803;271;19
2022-06-12;2024-09-19;625047;272;22
2022-12-22;2024-11-16;508122;273;37
2022-02-21;2024-04-04;355244;274;13
2022-09-29;2023-10-19;694534;275;20
2022-06-22;2024-10-11;104757;276;26
2022-02-05;2024-11-06;211811;277;48
2022-01-10;2024-04-19;619242;278;4
2022-04-02;2023-11-27;445274;279;24
2022-01-26;2023-12-28;588600;280;31
2022-09-23;2023-12-19;372660;281;2
2022-02-06;2024-05-04;345579;282;30
2022-03-08;2024-03-19;53057;283;8
2022-01-14;2023-11-18;614249;284;27
2022-11-19;2023-10-28;369703;285;2
2022-03-06;2024-09-28;890378;286;7
2022-09-09;2024-04-04;115048;287;26
2022-12-21;2023-11-28;893271;288;9
2022-11-30;2023-12-30;209877;289;1
2022-07-19;2024-10-13;999845;290;16
2022-06-27;2024-02-12;219336;291;48
2022-09-19;2024-11-10;836534;292;13
2022-02-10;2023-10-30;595929;293;50
2022-11-06;2024-08-25;804199;294;36
2022-02-27;2024-03-19;75465;295;27
2022-01-05;2024-11-25;259136;296;8
2022-07-30;2023-11-29;790808;297;47
2022-09-16;2023-11-04;654239;298;41
2022-02-27;2023-10-19;107796;299;29
2022-12-26;2024-12-28;202498;300;42
2022-10-28;2024-07-10;665429;301;19
2022-12-17;2024-12-14;588846;302;6
2022-07-25;2024-06-25;624412;303;32
2022-02-23;2024-11-24;788202;304;20
2022-03-11;2024-12-30;276471;305;38
2022-06-20;2024-09-10;209674;306;9
2022-10-27;2024-09-19;900026;307;30
2022-10-04;2024-10-11;546437;308;10
2022-12-03;2024-08-16;667159;309;35
2022-02-06;2024-06-08;581898;310;1
2022-01-15;2024-03-02;751830;311;43
2022-02-11;2024-11-02;866156;312;37
2022-04-25;2024-10-04;935405;313;30
2022-06-10;2024-07-04;165014;314;48
2022-09-14;2024-05-16;427653;315;33
2022-09-06;2024-01-26;755129;316;16
2022-05-08;2024-05-06;690706;317;35
2022-02-09;2023-12-04;807683;318;4
2022-09-30;2024-01-28;236741;319;18
2022-05-25;2024-07-03;353770;320;7
2022-02-14;2024-07-01;467309;321;38
2022-11-16;2024-12-29;972858;322;3
2022-05-26;2024-09-22;901428;323;23
2022-11-25;2024-12-04;345299;324;14
2022-12-13;2024-03-20;167788;325;21
2022-11-09;2024-09-23;79330;326;14
2022-06-17;2024-11-10;449911;327;13
2022-06-10;2024-02-12;926517;328;31
2022-05-04;2023-12-13;559226;329;37
2022-03-24;2023-10-25;634038;330;48
2022-08-07;2024-02-26;407130;331;29
2022-08-21;2024-04-05;353847;332;29
2022-10-01;2024-03-30;261311;333;34
2022-02-01;2024-02-02;275862;334;7
2022-11-08;2024-08-29;412506;335;22
2022-09-06;2023-10-12;754811;336;33
2022-12-29;2023-12-06;892852;337;44
2022-09-15;2024-10-08;833923;338;29
2022-04-06;2024-02-04;90956;339;37
2022-09-10;2024-05-19;452021;340;17
2022-08-12;2024-10-08;46488;341;45
2022-11-21;2024-03-26;775446;342;22
2022-11-14;2024-05-11;465857;343;9
2022-07-03;2024-01-30;554025;344;42
2022-06-10;2024-03-06;87791;345;3
2022-12-24;2023-11-01;714453;346;49
2022-10-15;2023-10-31;582899;347;43
2022-02-18;2024-05-20;920226;348;8
2022-12-25;2024-05-21;196150;349;28
2022-11-03;2024-01-15;184193;350;34
2022-11-08;2024-11-11;907226;351;26
2022-05-13;2024-10-19;476774;352;16
2022-11-13;2024-12-19;702827;353;6
2022-06-20;2024-01-21;131433;354;9
2022-04-14;2024-12-12;519727;355;27
2022-10-03;2024-12-05;656563;356;22
2022-01-20;2024-05-20;681082;357;43
2022-07-02;2024-12-26;417052;358;38
2022-06-02;2024-01-16;305593;359;6
2022-03-01;2024-06-24;974876;360;34
2022-03-02;2024-02-08;439499;361;23
2022-05-15;2023-12-15;46661;362;13
2022-07-22;2024-06-23;214420;363;12
2022-05-26;2024-10-07;417718;364;15
2022-01-30;2024-12-29;531749;365;48
2022-12-18;2024-02-14;750360;366;49
2022-09-03;2024-12-12;91918;367;21
2022-08-10;2024-09-03;525019;368;47
2022-03-11;2024-11-08;780736;369;41
2022-01-16;2024-09-16;356419;370;19
2022-10-08;2024-05-01;868928;371;46
2022-08-19;2024-01-13;849675;372;17
2022-05-03;2024-06-21;315799;373;9
2022-10-08;2024-04-20;876384;374;7
2022-05-31;2023-10-25;285366;375;18
2022-10-27;2023-11-19;919157;376;32
2022-05-15;2024-07-25;296608;377;1
2022-05-06;2024-08-08;133901;378;28
2022-08-28;2024-01-22;473165;379;41
2022-09-30;2024-01-17;472998;380;23
2022-02-04;2023-11-24;103017;381;29
2022-10-16;2023-11-10;150853;382;8
2022-05-26;2024-01-08;701230;383;36
2022-06-26;2023-11-29;723425;384;35
2022-09-10;2024-07-21;878262;385;29
2022-08-12;2024-10-18;191756;386;16
2022-05-11;2024-07-16;953276;387;6
2022-05-12;2024-10-16;447597;388;30
2022-12-12;2024-02-20;909887;389;36
2022-08-03;2023-11-24;393465;390;13
2022-04-18;2024-07-02;625809;391;33
2022-08-18;2024-06-26;106940;392;23
2022-11-25;2024-08-01;687304;393;31
2022-02-02;2024-03-19;846957;394;34
2022-01-23;2024-02-21;357470;395;12
2022-08-09;2024-01-03;736880;396;12
2022-09-30;2024-06-22;886183;397;34
2022-07-02;2024-08-29;445238;398;22
2022-01-07;2024-10-28;197097;399;39
2022-12-16;2024-08-22;144300;400;18
2022-07-21;2024-06-24;273741;401;22
2022-12-05;2024-01-21;395861;402;1
2022-10-28;2024-11-09;206391;403;34
2022-04-03;2024-10-19;444600;404;3
2022-12-27;2023-10-17;782050;405;2
2022-11-17;2024-09-16;509970;406;42
2022-03-19;2023-12-25;66016;407;26
2022-10-06;2023-12-01;775017;408;17
2022-01-03;2024-05-05;474436;409;32
2022-11-30;2024-09-01;443392;410;38
2022-03-17;2024-09-02;957831;411;12
2022-04-26;2024-08-19;665509;412;29
2022-09-26;2024-03-14;596770;413;43
2022-08-15;2024-03-30;502180;414;4
2022-12-19;2023-11-26;573266;415;15
2022-03-09;2024-12-12;591847;416;49
2022-10-19;2024-12-17;927403;417;14
2022-06-07;2023-12-30;429474;418;24
2022-10-24;2024-04-09;574097;419;19
2022-02-08;2023-10-24;249430;420;26
2022-02-27;2024-03-28;660747;421;1
2022-09-22;2024-05-31;371614;422;48
2022-01-13;2024-02-08;131033;423;10
2022-01-29;2024-08-31;491207;424;50
2022-08-22;2024-03-06;688762;425;46
2022-01-12;2024-03-06;344229;426;13
2022-02-06;2024-09-25;673191;427;31
2022-01-02;2024-12-18;969612;428;1
2022-11-08;2024-04-19;377789;429;19
2022-07-04;2023-10-19;213026;430;31
2022-09-03;2024-12-07;259152;431;27
2022-12-13;2024-01-31;580835;432;5
2022-04-04;2024-09-22;851718;433;4
2022-03-13;2024-07-07;656532;434;20
2022-09-25;2024-01-03;688845;435;15
2022-06-16;2024-05-27;389545;436;6
2022-12-19;2023-12-17;728792;437;44
2022-05-26;2023-12-10;191566;438;19
2022-10-13;2024-11-15;503533;439;10
2022-01-31;2024-05-22;257573;440;21
2022-05-20;2024-09-10;449122;441;10
2022-12-02;2024-11-18;666169;442;15
2022-07-14;2024-09-10;947980;443;8
2022-10-20;2023-10-31;161160;444;19
2022-01-02;2024-08-26;90566;445;49
2022-01-31;2023-12-20;510048;446;9
2022-05-22;2024-04-30;721287;447;38
2022-11-22;2024-07-28;291423;448;18
2022-07-19;2024-03-12;81877;449;19
2022-04-08;2024-06-13;533551;450;41
2022-08-23;2024-04-30;506218;451;2
2022-11-24;2024-08-24;245029;452;48
2022-07-17;2024-05-10;112133;453;26
2022-04-22;2024-03-30;523294;454;32
2022-02-28;2023-11-13;459763;455;37
2022-03-16;2023-11-30;128445;456;41
2022-12-27;2024-06-23;290572;457;12
2022-07-12;2024-03-01;393098;458;32
2022-08-24;2024-07-23;205561;459;15
2022-02-17;2024-10-22;518332;460;18
2022-11-18;2024-08-26;570029;461;10
2022-05-07;2023-12-31;957161;462;18
2022-04-23;2024-09-21;58771;463;34
2022-02-22;2024-06-03;310070;464;28
2022-10-10;2024-06-17;539963;465;35
2022-03-06;2024-02-26;938399;466;20
2022-03-04;2024-08-20;150688;467;12
2022-12-24;2024-08-06;31949;468;6
2022-07-23;2024-06-06;274985;469;2
2022-06-13;2024-09-07;963144;470;9
2022-11-05;2024-03-05;655489;471;39
2022-04-21;2023-10-13;413103;472;39
2022-04-21;2024-01-14;564511;473;6
2022-12-26;2024-06-09;79829;474;19
2022-09-02;2024-11-04;998325;475;6
2022-02-04;2024-08-08;90774;476;28
2022-03-23;2024-07-18;424936;477;31
2022-12-16;2023-11-03;369912;478;9
2022-04-03;2024-07-15;700014;479;47
2022-01-12;2024-02-04;762500;480;13
2022-05-20;2024-06-03;656302;481;47
2022-02-18;2024-02-19;836508;482;33
2022-07-18;2024-05-13;578667;483;14
2022-03-15;2023-12-14;95962;484;48
2022-03-02;2024-06-22;364046;485;13
2022-04-03;2024-01-29;236123;486;24
2022-05-04;2023-11-12;812236;487;4
2022-12-23;2024-02-22;702523;488;3
2022-03-05;2023-11-11;900818;489;7
2022-12-25;2023-12-10;120715;490;30
2022-10-13;2024-06-20;15138;491;43
2022-07-02;2024-01-06;957893;492;18
2022-10-19;2023-11-23;263726;493;48
2022-05-06;2024-10-05;89447;494;23
2022-07-07;2024-10-16;810565;495;21
2022-10-01;2024-02-07;606751;496;1
2022-05-28;2024-06-08;500548;497;2
2022-11-07;2024-08-06;408679;498;9
2022-08-21;2024-11-27;646258;499;35
2022-06-30;2024-10-14;348196;500;40
2022-03-09;2024-01-06;910809;501;10
2022-04-19;2024-02-23;307142;502;25
2022-04-13;2024-12-07;105068;503;30
2022-05-04;2024-11-29;285428;504;11
2022-03-18;2024-04-26;122496;505;42
2022-05-31;2024-07-27;401689;506;13
2022-07-31;2024-01-29;346480;507;22
2022-03-10;2024-12-22;775675;508;22
2022-01-26;2023-12-20;562128;509;11
2022-05-03;2023-10-14;484781;510;42
2022-12-25;2024-09-12;639219;511;39
2022-10-31;2024-11-08;942485;512;7
2022-04-29;2024-09-27;875192;513;23
2022-03-20;2023-11-17;643608;514;47
2022-07-26;2024-10-16;90952;515;30
2022-01-09;2024-03-27;932947;516;19
2022-05-24;2024-08-23;599765;517;18
2022-03-28;2024-10-17;109134;518;41
2022-03-08;2023-12-31;311273;519;19
2022-07-26;2024-06-23;361242;520;20
2022-07-06;2024-12-02;929729;521;11
2022-04-26;2024-12-12;931623;522;28
2022-05-10;2024-05-04;668279;523;48
2022-10-25;2023-10-20;680676;524;31
2022-10-06;2024-01-03;467932;525;5
2022-01-21;2023-12-08;991295;526;25
2022-12-09;2024-10-25;476173;527;1
2022-06-28;2024-11-20;232787;528;44
2022-01-23;2024-02-15;210431;529;12
2022-06-30;2024-04-16;788993;530;30
2022-08-18;2023-11-27;783748;531;47
2022-11-27;2024-07-10;249396;532;9
2022-12-10;2024-05-27;177151;533;47
2022-02-07;2024-10-04;36661;534;21
2022-07-19;2024-11-20;137304;535;25
2022-01-03;2023-12-04;690700;536;21
2022-09-20;2024-08-24;911679;537;29
2022-05-28;2024-09-09;113860;538;47
2022-09-20;2024-03-18;950113;539;22
2022-10-09;2024-06-22;466745;540;34
2022-04-06;2024-10-20;764341;541;44
2022-10-05;2024-11-21;770070;542;43
2022-09-20;2023-11-30;406937;543;46
2022-07-24;2024-12-06;900015;544;42
2022-02-26;2024-11-17;139056;545;12
2022-08-18;2024-01-29;576491;546;11
2022-02-05;2024-09-30;734891;547;37
2022-05-07;2024-07-23;668286;548;38
2022-04-27;2024-12-03;925850;549;20
2022-12-30;2023-11-16;623344;550;23
2022-04-15;2024-05-08;114171;551;7
2022-01-23;2024-11-23;983437;552;31
2022-01-13;2024-05-02;431501;553;8
2022-02-22;2024-04-12;610328;554;3
2022-12-04;2024-03-28;66981;555;29
2022-02-15;2024-06-19;268987;556;35
2022-10-03;2024-05-15;381071;557;20
2022-10-17;2023-10-18;865785;558;16
2022-06-25;2024-10-16;916908;559;42
2022-03-15;2024-12-14;194929;560;2
2022-05-26;2023-10-13;727166;561;8
2022-04-13;2024-02-13;557975;562;43
2022-12-28;2024-12-08;252511;563;25
2022-03-23;2024-05-22;475495;564;47
2022-02-13;2024-02-02;741760;565;23
2022-07-11;2024-07-25;313387;566;25
2022-01-20;2024-11-09;811034;567;25
2022-12-05;2024-09-28;742784;568;9
2022-01-02;2023-10-17;955559;569;4
2022-01-04;2024-07-15;351901;570;15
2022-04-13;2024-11-11;762683;571;33
2022-05-27;2023-12-06;166733;572;46
2022-08-17;2024-02-23;846089;573;38
2022-03-28;2024-01-23;275062;574;42
2022-12-16;2024-05-09;537676;575;21
2022-02-26;2023-11-14;444536;576;50
2022-07-29;2023-11-04;237944;577;28
2022-07-30;2023-10-31;513678;578;11
2022-11-27;2024-11-26;37406;579;8
2022-09-18;2024-05-21;809004;580;6
2022-07-07;2023-12-28;856117;581;44
2022-07-10;2024-08-04;400862;582;29
2022-08-05;2023-10-20;770892;583;27
2022-04-04;2024-04-21;798564;584;18
2022-06-04;2024-12-12;914240;585;41
2022-01-26;2024-06-15;297110;586;10
2022-05-22;2023-10-28;28525;587;3
2022-03-28;2023-11-29;155458;588;34
2022-09-29;2024-04-28;152529;589;46
2022-08-30;2024-09-24;503866;590;30
2022-04-04;2023-11-22;291393;591;28
2022-06-03;2024-03-14;492974;592;31
2022-02-23;2024-11-11;87697;593;5
2022-12-19;2024-12-20;751932;594;22
2022-03-10;2024-01-06;699565;595;8
2022-03-31;2024-02-22;726295;596;8
2022-08-06;2024-08-26;588768;597;17
2022-04-17;2024-04-03;286027;598;34
2022-12-17;2024-11-14;503186;599;27
2022-03-21;2023-12-04;808822;600;14
2022-01-19;2024-06-01;580083;601;26
2022-01-31;2024-08-27;349716;602;2
2022-01-31;2024-08-08;323978;603;11
2022-08-15;2024-07-28;561500;604;41
2022-12-20;2024-04-01;621793;605;30
2022-05-24;2024-10-29;263460;606;25
2022-04-22;2024-11-12;314703;607;24
2022-10-14;2023-11-06;335719;608;46
2022-01-25;2024-02-15;858399;609;17
2022-01-30;2024-10-26;892393;610;13
2022-07-19;2024-05-16;557000;611;18
2022-04-07;2023-10-28;497511;612;39
2022-03-05;2024-08-02;82872;613;8
2022-02-07;2024-06-30;565310;614;25
2022-10-30;2023-11-10;14532;615;33
2022-11-08;2023-11-07;245846;616;38
2022-07-12;2024-06-01;871273;617;3
2022-10-03;2023-11-08;559121;618;2
2022-01-02;2023-11-20;926573;619;41
2022-10-27;2023-10-21;768198;620;31
2022-12-22;2024-12-14;989154;621;49
2022-09-30;2024-02-09;557838;622;48
2022-05-19;2024-09-26;884449;623;4
2022-02-23;2024-04-17;314244;624;33
2022-09-29;2024-01-16;557599;625;11
2022-07-31;2024-11-26;592572;626;5
2022-02-08;2024-05-10;785021;627;20
2022-05-28;2024-08-30;995101;628;15
2022-07-24;2024-03-10;227030;629;18
2022-11-18;2024-04-23;333807;630;13
2022-11-09;2024-02-04;659511;631;49
2022-06-17;2024-06-26;211794;632;11
2022-11-27;2024-03-29;70949;633;25
2022-03-08;2024-11-30;851632;634;39
2022-08-16;2024-10-29;962253;635;44
2022-07-16;2024-09-25;532844;636;50
2022-04-25;2024-03-11;821955;637;19
2022-07-24;2024-03-21;930916;638;28
2022-05-20;2024-01-23;949663;639;36
2022-12-03;2024-06-14;56215;640;8
2022-06-29;2024-08-25;399628;641;50
2022-09-28;2024-08-16;146608;642;14
2022-12-20;2024-07-04;511674;643;24
2022-06-18;2024-06-22;64449;644;42
2022-12-23;2024-01-23;30168;645;39
2022-12-24;2024-07-24;63275;646;35
2022-09-06;2024-11-30;86909;647;23
2022-11-13;2024-03-22;116823;648;46
2022-02-16;2024-09-26;716979;649;19
2022-09-13;2024-01-03;399188;650;22
2022-05-09;2024-08-20;261783;651;20
2022-07-07;2024-01-25;160657;652;30
2022-05-15;2024-03-24;811829;653;20
2022-07-09;2024-04-02;481478;654;26
2022-09-15;2023-12-31;592599;655;31
2022-05-20;2023-10-15;954826;656;10
2022-09-30;2024-11-20;733373;657;12
2022-12-17;2024-04-22;809272;658;27
2022-01-17;2024-04-05;891175;659;13
2022-01-16;2024-05-15;345284;660;2
2022-05-01;2024-05-01;539364;661;50
2022-05-19;2024-01-22;619469;662;5
2022-01-17;2024-01-04;781172;663;20
2022-09-23;2024-06-25;214533;664;40
2022-10-06;2023-12-25;326985;665;16
2022-12-11;2024-12-20;376979;666;39
2022-07-11;2023-11-28;477527;667;28
2022-09-23;2023-10-18;366823;668;18
2022-07-18;2024-01-27;653414;669;22
2022-05-25;2024-06-13;578375;670;41
2022-12-17;2024-12-19;858669;671;33
2022-07-05;2024-10-03;439768;672;48
2022-07-17;2024-04-15;280260;673;1
2022-01-18;2024-12-09;657946;674;28
2022-12-01;2024-09-18;612447;675;37
2022-11-28;2024-08-19;740873;676;47
2022-12-03;2024-11-18;973586;677;46
2022-07-01;2024-09-30;646453;678;20
2022-03-27;2024-05-15;633015;679;4
2022-09-13;2023-12-29;116696;680;32
2022-12-12;2024-01-08;532624;681;29
2022-09-10;2024-01-02;359883;682;26
2022-10-03;2024-09-19;474372;683;2
2022-11-12;2024-09-07;531291;684;4
2022-01-31;2023-10-30;115830;685;38
2022-03-10;2023-11-07;460934;686;32
2022-05-26;2024-12-01;543461;687;19
2022-07-20;2024-05-23;62207;688;5
2022-12-18;2024-05-03;254096;689;22
2022-06-19;2023-11-27;279329;690;47
2022-07-15;2024-05-22;599892;691;13
2022-12-16;2023-10-24;456437;692;4
2022-07-13;2023-12-11;596305;693;50
2022-01-14;2024-09-08;461160;694;18
2022-03-31;2024-04-26;75821;695;44
2022-10-23;2023-11-09;651611;696;12
2022-06-25;2024-09-12;621582;697;26
2022-04-10;2023-11-08;538091;698;6
2022-05-06;2023-10-30;365809;699;47
2022-10-10;2024-11-25;31159;700;15
2022-10-09;2024-08-10;434256;701;19
2022-10-23;2024-11-04;703124;702;23
2022-11-19;2024-01-02;586534;703;7
2022-01-03;2024-05-19;195058;704;30
2022-12-15;2024-05-16;647554;705;48
2022-05-21;2024-09-04;562617;706;24
2022-04-20;2024-12-09;145562;707;23
2022-04-14;2023-11-17;973056;708;45
2022-10-13;2024-12-29;294153;709;48
2022-09-18;2024-09-28;524242;710;30
2022-02-02;2024-04-22;191004;711;17
2022-12-15;2023-11-07;298867;712;47
2022-08-14;2024-03-29;989743;713;44
2022-08-24;2024-07-24;843662;714;22
2022-09-28;2024-12-03;620120;715;37
2022-10-14;2023-12-22;911213;716;24
2022-02-10;2024-03-09;542739;717;36
2022-06-07;2024-05-24;75438;718;36
2022-05-08;2024-05-13;742789;719;13
2022-07-12;2024-01-27;333327;720;2
2022-03-14;2024-06-17;411959;721;10
2022-05-08;2024-08-30;741809;722;48
2022-11-16;2023-11-07;869165;723;25
2022-09-27;2023-11-11;619114;724;26
2022-08-15;2024-01-04;432359;725;32
2022-02-07;2024-07-27;211427;726;33
2022-07-04;2024-12-15;260171;727;44
2022-03-09;2024-12-25;698210;728;25
2022-02-11;2024-01-21;491173;729;21
2022-02-11;2024-02-18;478228;730;11
2022-12-17;2024-12-07;838655;731;13
2022-10-26;2024-09-12;764651;732;30
2022-01-18;2024-07-20;515108;733;7
2022-02-20;2024-02-10;151073;734;10
2022-03-07;2024-09-03;818412;735;39
2022-12-10;2023-12-19;889114;736;11
2022-11-20;2024-07-11;437749;737;24
2022-09-18;2024-08-08;625469;738;8
2022-01-03;2024-12-24;926730;739;45
2022-12-06;2024-06-12;958704;740;38
2022-09-08;2024-06-13;350050;741;17
2022-07-19;2024-09-07;807197;742;45
2022-11-18;2024-06-24;259453;743;1
2022-08-14;2024-03-20;403184;744;11
2022-11-10;2024-07-01;388495;745;37
2022-01-13;2024-07-14;379480;746;46
2022-08-02;2024-09-07;594524;747;10
2022-03-15;2024-07-30;409166;748;4
2022-08-29;2024-11-23;630940;749;13
2022-10-23;2024-10-09;41249;750;38
2022-10-16;2024-10-17;155057;751;34
2022-01-10;2023-12-14;856901;752;23
2022-04-01;2024-07-18;497503;753;8
2022-06-13;2023-12-16;461244;754;14
2022-02-08;2024-01-03;988957;755;13
2022-10-28;2024-06-29;888737;756;19
2022-03-23;2024-05-04;313759;757;7
2022-11-02;2024-02-20;979764;758;34
2022-01-08;2024-01-26;320306;759;1
2022-09-01;2024-08-18;19142;760;45
2022-09-13;2024-02-18;845555;761;24
2022-12-28;2024-02-03;561808;762;49
2022-04-21;2024-08-01;299514;763;6
2022-06-03;2024-10-27;714271;764;39
2022-09-10;2024-08-26;986597;765;17
2022-09-21;2024-03-02;336578;766;34
2022-04-15;2024-11-28;406756;767;18
2022-04-11;2024-02-05;248311;768;8
2022-09-03;2024-05-06;349064;769;44
2022-11-04;2024-01-12;288802;770;28
2022-05-06;2024-10-03;574375;771;41
2022-10-13;2024-04-04;183057;772;46
2022-03-17;2024-08-26;778968;773;43
2022-07-21;2024-07-18;419170;774;25
2022-03-03;2024-02-08;718052;775;3
2022-05-02;2024-01-18;471069;776;27
2022-08-25;2024-11-26;904972;777;3
2022-09-14;2024-01-09;99105;778;50
2022-10-30;2024-05-31;720002;779;22
2022-08-11;2024-05-07;768518;780;26
2022-10-21;2024-04-22;998664;781;5
2022-09-30;2024-12-16;923767;782;21
2022-10-21;2024-12-18;138351;783;22
2022-12-18;2024-09-15;272397;784;49
2022-05-12;2024-08-15;841435;785;45
2022-10-23;2024-07-03;694600;786;36
2022-06-07;2024-02-23;768405;787;15
2022-07-17;2024-03-03;276781;788;35
2022-11-05;2024-06-02;549544;789;9
2022-04-07;2024-06-17;888862;790;40
2022-08-27;2024-12-23;788643;791;35
2022-05-12;2024-09-02;756297;792;23
2022-05-22;2023-11-03;912470;793;4
2022-06-19;2024-09-25;545990;794;46
2022-02-18;2024-10-24;574353;795;7
2022-10-07;2024-02-17;802525;796;13
2022-03-01;2024-02-01;878641;797;34
2022-11-13;2024-08-16;440982;798;10
2022-08-06;2023-11-01;827540;799;39
2022-05-31;2023-12-30;213327;800;36
2022-04-22;2023-10-31;994794;801;27
2022-12-09;2024-06-15;930785;802;39
2022-02-25;2024-01-23;13218;803;30
2022-03-13;2024-09-17;914527;804;43
2022-01-06;2024-06-25;594616;805;33
2022-10-09;2024-12-18;379174;806;1
2022-11-20;2024-07-14;467819;807;30
2022-09-30;2024-01-19;47365;808;43
2022-11-16;2023-12-30;406938;809;46
2022-04-20;2024-06-22;198601;810;22
2022-04-26;2024-07-27;989402;811;48
2022-09-04;2023-10-24;266716;812;15
2022-09-12;2024-06-11;949368;813;12
2022-03-31;2024-07-22;280447;814;5
2022-09-27;2023-12-23;354421;815;11
2022-10-20;2024-01-31;805494;816;37
2022-08-17;2024-01-15;423718;817;21
2022-12-16;2024-04-15;30379;818;10
2022-06-18;2024-12-03;170688;819;14
2022-07-25;2024-02-29;13134;820;21
2022-09-29;2023-11-29;211300;821;32
2022-10-13;2024-02-04;744420;822;7
2022-02-19;2024-12-01;92516;823;39
2022-04-24;2024-01-04;905778;824;1
2022-09-19;2024-01-11;239252;825;29
2022-10-11;2024-11-15;481203;826;7
2022-05-30;2024-12-11;356229;827;36
2022-09-19;2024-01-03;155776;828;27
2022-05-15;2024-09-16;258736;829;41
2022-02-14;2024-08-11;917265;830;9
2022-04-05;2024-05-10;940212;831;25
2022-04-10;2024-04-14;724515;832;5
2022-05-26;2024-12-23;784042;833;39
2022-07-17;2024-04-25;386885;834;16
2022-05-01;2024-08-06;29542;835;7
2022-05-28;2024-10-21;283971;836;17
2022-12-08;2024-12-20;203279;837;26
2022-09-30;2023-10-23;308930;838;27
2022-11-10;2023-12-11;883248;839;18
2022-03-03;2024-11-28;69557;840;15
2022-04-09;2024-07-20;306819;841;36
2022-07-07;2024-03-25;57588;842;20
2022-03-28;2024-03-27;859145;843;38
2022-09-12;2024-08-26;849972;844;34
2022-10-14;2024-02-10;977420;845;18
2022-10-16;2023-10-23;180586;846;8
2022-04-24;2024-09-24;85647;847;33
2022-12-03;2024-10-08;643101;848;6
2022-03-05;2024-07-16;974569;849;22
2022-12-29;2024-06-15;623303;850;47
2022-07-13;2024-10-08;576981;851;13
2022-03-29;2024-05-30;336517;852;3
2022-11-11;2024-12-09;742410;853;9
2022-11-23;2024-07-15;977706;854;12
2022-10-30;2024-11-06;653562;855;25
2022-03-02;2024-01-02;851596;856;24
2022-05-24;2024-05-07;658863;857;50
2022-05-16;2024-07-01;975745;858;22
2022-10-08;2023-12-21;362253;859;33
2022-01-03;2024-08-11;529672;860;17
2022-11-25;2024-12-13;130151;861;30
2022-05-23;2024-01-12;815368;862;3
2022-09-27;2024-07-28;944913;863;37
2022-12-07;2023-11-12;105570;864;4
2022-12-28;2024-04-16;742339;865;7
2022-03-23;2024-12-14;778305;866;45
2022-05-12;2024-01-11;771859;867;31
2022-11-27;2024-10-12;772356;868;16
2022-09-21;2024-02-03;596327;869;12
2022-01-17;2024-04-15;557760;870;43
2022-05-25;2024-01-29;661911;871;11
2022-11-13;2024-08-29;704212;872;40
2022-07-23;2024-06-27;926323;873;43
2022-09-04;2024-01-03;944413;874;48
2022-06-13;2023-11-28;121933;875;35
2022-05-25;2024-09-07;23158;876;31
2022-02-25;2024-10-16;639410;877;49
2022-01-11;2024-12-16;813867;878;41
2022-08-28;2023-11-08;449835;879;14
2022-12-25;2024-05-17;756138;880;17
2022-12-22;2024-09-07;415545;881;49
2022-04-23;2024-11-12;16600;882;27
2022-01-06;2023-11-18;875190;883;39
2022-03-14;2024-11-27;591245;884;20
2022-07-28;2024-05-01;639301;885;32
2022-05-15;2024-05-19;118516;886;12
2022-11-18;2024-09-23;619686;887;26
2022-05-16;2024-10-21;815416;888;42
2022-11-25;2024-01-20;848915;889;4
2022-11-14;2024-06-01;23305;890;39
2022-10-16;2024-11-29;772171;891;35
2022-10-17;2024-09-12;242212;892;48
2022-11-24;2024-09-21;453950;893;41
2022-06-06;2024-10-25;747291;894;31
2022-11-23;2023-12-25;473664;895;19
2022-07-04;2024-01-17;167035;896;5
2022-07-08;2024-07-28;516073;897;4
2022-12-19;2024-11-19;41751;898;8
2022-11-18;2024-07-22;486027;899;39
2022-03-26;2024-09-28;122350;900;6
2022-10-10;2023-11-25;813940;901;17
2022-12-26;2024-01-08;845133;902;18
2022-11-02;2024-05-27;458691;903;11
2022-09-22;2024-11-16;377063;904;10
2022-08-23;2023-12-12;699715;905;45
2022-03-27;2023-12-22;865793;906;4
2022-05-23;2024-04-12;542169;907;27
2022-08-11;2023-12-01;111401;908;32
2022-06-25;2024-07-19;589491;909;43
2022-12-26;2023-12-24;197710;910;49
2022-08-23;2024-05-11;348721;911;3
2022-12-14;2024-01-12;551805;912;1
2022-07-12;2024-07-17;640866;913;35
2022-07-13;2024-06-22;144983;914;16
2022-04-12;2024-05-03;281794;915;14
2022-09-01;2024-07-13;681343;916;47
2022-06-14;2024-07-23;959108;917;11
2022-07-12;2023-11-19;864187;918;29
2022-10-14;2024-08-06;199902;919;31
2022-08-24;2024-08-27;571261;920;31
2022-07-27;2023-11-07;655347;921;28
2022-03-28;2024-05-20;112013;922;46
2022-04-04;2024-05-08;431322;923;22
2022-08-18;2023-10-19;664506;924;23
2022-04-19;2023-11-03;148664;925;13
2022-01-01;2024-09-29;725690;926;37
2022-03-22;2024-02-15;142400;927;5
2022-06-21;2024-10-08;776088;928;9
2022-05-04;2024-03-07;498831;929;17
2022-01-02;2023-12-04;497864;930;24
2022-09-09;2024-03-31;824358;931;5
2022-08-08;2023-12-02;377781;932;45
2022-03-06;2023-10-30;977265;933;31
2022-12-13;2023-11-08;796922;934;25
2022-06-29;2024-05-25;128374;935;20
2022-01-11;2024-10-11;396427;936;9
2022-11-27;2024-02-01;764459;937;6
2022-07-04;2023-11-10;519991;938;30
2022-03-16;2024-04-28;653403;939;5
2022-09-09;2024-12-22;408622;940;27
2022-09-07;2024-11-22;455263;941;23
2022-05-28;2024-05-21;164836;942;45
2022-07-26;2024-01-04;44996;943;25
2022-03-20;2024-01-15;461436;944;36
2022-04-30;2024-05-20;681934;945;44
2022-03-27;2024-08-16;446496;946;33
2022-09-13;2024-05-02;861496;947;21
2022-10-09;2024-02-01;309779;948;27
2022-01-28;2024-06-03;596206;949;10
2022-04-24;2024-05-14;990920;950;11
2022-05-11;2024-03-07;864170;951;36
2022-08-17;2024-06-28;46316;952;45
2022-06-09;2024-03-10;921118;953;13
2022-05-03;2024-02-04;971578;954;28
2022-10-16;2024-09-13;270267;955;19
2022-07-28;2024-09-19;666831;956;7
2022-04-12;2024-11-04;203567;957;42
2022-08-08;2024-10-26;163854;958;21
2022-05-11;2024-09-19;516644;959;12
2022-12-15;2024-05-11;375815;960;29
2022-08-04;2024-08-13;454512;961;29
2022-08-28;2024-08-11;10524;962;6
2022-05-26;2023-12-29;450500;963;22
2022-02-04;2023-12-14;617157;964;17
2022-11-16;2024-01-02;895124;965;28
2022-03-16;2024-03-16;211386;966;39
2022-11-19;2024-10-16;563744;967;35
2022-04-22;2024-07-12;36810;968;22
2022-02-12;2024-07-29;179421;969;3
2022-03-13;2024-10-05;405206;970;27
2022-12-02;2024-07-30;789166;971;10
2022-06-08;2024-04-08;47149;972;17
2022-09-16;2023-12-12;193160;973;8
2022-12-01;2024-02-03;258672;974;33
2022-12-12;2023-11-10;161237;975;15
2022-10-03;2023-11-09;673642;976;49
2022-11-22;2024-11-20;734969;977;36
2022-11-27;2024-11-27;116449;978;12
2022-09-09;2023-10-29;728375;979;11
2022-01-07;2024-04-08;686264;980;8
2022-01-18;2023-12-12;193475;981;50
2022-10-05;2024-04-27;648829;982;42
2022-12-11;2024-03-22;720092;983;46
2022-06-03;2024-07-01;244732;984;49
2022-07-21;2024-12-27;379802;985;20
2022-07-19;2024-06-21;959156;986;41
2022-06-15;2024-11-10;683022;987;39
2022-12-05;2023-12-21;364897;988;6
2022-08-09;2024-12-07;564662;989;4
2022-04-18;2024-08-27;482401;990;49
2022-10-26;2024-04-19;517897;991;11
2022-12-20;2023-11-09;767991;992;20
2022-01-22;2024-11-29;321179;993;41
2022-08-30;2023-10-12;23527;994;44
2022-12-13;2024-04-29;776300;995;36
2022-07-09;2024-07-13;889414;996;27
2022-09-29;2024-01-10;459283;997;14
2022-09-20;2024-11-28;141123;998;13
2022-03-27;2024-04-26;751089;999;14
2022-02-14;2024-06-24;896638;1000;36
